<?xml version="1.0" encoding="UTF-8"?>
<wsag:Agreement xmlns:wsag="http://www.ggf.org/namespaces/ws-agreement"
	AgreementId="agreement02">

	<wsag:Name>ExampleAgreement</wsag:Name>
	<wsag:Context>
		<wsag:AgreementInitiator>RandomClient</wsag:AgreementInitiator>
		<wsag:AgreementResponder>provider-prueba</wsag:AgreementResponder>
		<!--
		The AgreementResponder (in this case) is mandatory if sla is multi service provider   
		-->
		<wsag:ServiceProvider>AgreementResponder</wsag:ServiceProvider>
		<wsag:ExpirationTime>2014-03-07T12:00:00</wsag:ExpirationTime>
		<wsag:TemplateId>template02</wsag:TemplateId>
	</wsag:Context>
	<wsag:Terms>
		<wsag:All>
			<!-- FUNCTIONAL DESCRIPTION -->
			<wsag:ServiceDescriptionTerm Name="SDTName1" ServiceName="ServiceName">
				DSL expression
			</wsag:ServiceDescriptionTerm>
			<wsag:ServiceDescriptionTerm Name="SDTName2" ServiceName="ServiceName">
				DSL expression
			</wsag:ServiceDescriptionTerm>
			
			<!-- OPTIONAL SERVICE REFERENCE -->
			
			<!-- OPTIONAL SERVICE PROPERTIES : non funcional properties-->
			<wsag:ServiceProperties Name="NonFunctional" ServiceName="ServiceName">
				<wsag:VariableSet>
					<wsag:Variable Name="ResponseTime" Metric="xs:double">
						<wsag:Location>qos:ResponseTime</wsag:Location>
					</wsag:Variable>
					<wsag:Variable Name="Performance" Metric="xs:double">
						<wsag:Location>qos:Performance</wsag:Location>
					</wsag:Variable>
				</wsag:VariableSet>
			</wsag:ServiceProperties>
			<wsag:GuaranteeTerm Name="GT_ResponseTime">
				<wsag:ServiceScope ServiceName="ServiceName"/>
				<!-- The qualifying conditions that must be met before the guarantee is evaluated -->
				<!-- 
				<wsag:QualifyingCondition>state EQ 'ready'</wsag:QualifyingCondition>
				-->
				<wsag:ServiceLevelObjective>
					<wsag:KPITarget>
						<wsag:KPIName>ResponseTime</wsag:KPIName> <!--  same name as property for the moment -->
						<wsag:CustomServiceLevel>{"constraint" : "ResponseTime LT 0.9"}</wsag:CustomServiceLevel> <!--  the ServiceProperty is referenced here -->
					</wsag:KPITarget>
				</wsag:ServiceLevelObjective>
			</wsag:GuaranteeTerm>
			<wsag:GuaranteeTerm Name="GT_Performance">
				<wsag:ServiceScope ServiceName="ServiceName"/>
				<wsag:ServiceLevelObjective>
					<wsag:KPITarget>
						<wsag:KPIName>Performance</wsag:KPIName> <!--  same name as property for the moment -->
						<wsag:CustomServiceLevel>{"constraint" : "Performance GT 0.1"}</wsag:CustomServiceLevel>
					</wsag:KPITarget>
				</wsag:ServiceLevelObjective>
				<wsag:BusinessValueList>
					<wsag:Importante>3</wsag:Importante>	<!-- optional importance (integer) -->
					<wsag:Penalty>
						<wsag:AssessmentInterval>
							<wsag:Count>10</wsag:Count>
						</wsag:AssessmentInterval>
						<wsag:ValueUnit>EUR</wsag:ValueUnit>
						<wsag:ValueExpression>99</wsag:ValueExpression>
					</wsag:Penalty>
					
					<wsag:Reward></wsag:Reward>
					<wsag:Preference></wsag:Preference>
					<wsag:CustomBusinessValue></wsag:CustomBusinessValue>
				</wsag:BusinessValueList>
			</wsag:GuaranteeTerm>
		</wsag:All>
	</wsag:Terms>
</wsag:Agreement>
