<?xml version="1.0" encoding="UTF-8"?>
<wsag:Agreement xmlns:wsag="http://www.ggf.org/namespaces/ws-agreement"
	AgreementId="agreement03">

	<wsag:Name>ExampleAgreement</wsag:Name>
	<wsag:Context>
		<wsag:AgreementInitiator>client-prueba</wsag:AgreementInitiator>
		<wsag:AgreementResponder>f4c993580-03fe-41eb-8a21-a56709f9370f</wsag:AgreementResponder>
		<wsag:ServiceProvider>AgreementResponder</wsag:ServiceProvider>
		<wsag:ExpirationTime>2014-03-07T12:00:00</wsag:ExpirationTime>
		<wsag:TemplateId>template02</wsag:TemplateId>
		<sla:Service xmlns:sla="http://sla.atos.eu">service3</sla:Service>
	</wsag:Context>
	<wsag:Terms>
		<wsag:All>
			<!--
			<wsag:ServiceDescriptionTerm Name="SDTName1" ServiceName="ServiceName">
				{ "servicename": "service-prueba" }
			</wsag:ServiceDescriptionTerm>
			-->
			<wsag:ServiceProperties Name="ServiceProperties" ServiceName="ServiceName">
				<wsag:VariableSet>
					<wsag:Variable Name="ResponseTime" Metric="xs:double">
						<wsag:Location>service-prueba/ResponseTime</wsag:Location>
					</wsag:Variable>
					<wsag:Variable Name="Performance" Metric="xs:double">
						<wsag:Location>service-prueba/Performance</wsag:Location>
					</wsag:Variable>
				</wsag:VariableSet>
			</wsag:ServiceProperties>
			<wsag:GuaranteeTerm Name="GT_ResponseTime">
				<wsag:ServiceScope ServiceName="ServiceName"/>
				<wsag:ServiceLevelObjective>
					<wsag:KPITarget>
						<wsag:KPIName>ResponseTime</wsag:KPIName>
						<wsag:CustomServiceLevel>
							{"constraint" : "ResponseTime BETWEEN (0, 200)"}
						</wsag:CustomServiceLevel>
					</wsag:KPITarget>
				</wsag:ServiceLevelObjective>
			</wsag:GuaranteeTerm>
			<wsag:GuaranteeTerm Name="GT_Performance">
				<wsag:ServiceScope ServiceName="ServiceName"/>
				<wsag:ServiceLevelObjective>
					<wsag:KPITarget>
						<wsag:KPIName>Performance</wsag:KPIName>
						<wsag:CustomServiceLevel>
							{"constraint" : "Performance BETWEEN (0.1,1)"}
						</wsag:CustomServiceLevel>
					</wsag:KPITarget>
				</wsag:ServiceLevelObjective>
			</wsag:GuaranteeTerm>
		</wsag:All>
	</wsag:Terms>
</wsag:Agreement>
